{"acc": [0.4007764705882353, 0.5628705882352941, 0.6314352941176471, 0.6724235294117648, 0.7044941176470588, 0.7274117647058823, 0.7528705882352941, 0.7717647058823529, 0.7893411764705882, 0.8059058823529411, 0.8192235294117647, 0.8307529411764706, 0.8538823529411764, 0.8573647058823529, 0.8714352941176471, 0.8793647058823529, 0.8916941176470589, 0.8962588235294118, 0.9083764705882353, 0.9098352941176471], "loss": [1.6207005872502047, 1.2197535388722138, 1.0441024718116312, 0.9372108803973478, 0.8405226913900936, 0.7768610582688276, 0.7129010084713207, 0.6526315066000995, 0.6027190454454983, 0.5517720605401432, 0.5112842895283418, 0.48070156505668865, 0.41957941723991843, 0.39886225416182597, 0.3604071332538829, 0.3346094153516433, 0.30292645939097684, 0.28764048289095656, 0.2563625400388942, 0.24848656326041502], "val_acc": [0.4866666666348775, 0.5772000000317892, 0.6161333333333333, 0.6498666666348776, 0.6285333333333334, 0.6570666666348776, 0.6746666666348775, 0.684, 0.6964, 0.6932000000317892, 0.6938666666666666, 0.702, 0.7114666666348776, 0.7117333333333333, 0.7014666666666667, 0.6997333333015442, 0.7070666666984559, 0.7042666666984558, 0.6961333333015441, 0.6945333333651225], "val_loss": [1.4356697088241577, 1.1831779901822408, 1.1015102608044942, 0.9954793927510579, 1.0798048530578612, 0.9888954373836517, 0.9448728850364685, 0.9394472877343496, 0.9148961918195089, 0.9358135866641998, 0.9370445777893066, 0.9634297492980957, 0.9602198468526204, 0.9808977152824402, 1.0564952268759409, 1.0827353759447733, 1.0982446783065796, 1.1918668340682983, 1.2456359275817872, 1.3199650409062704]}