{"acc": [0.7059764705882353, 0.7154117647058823, 0.718564705882353, 0.7192235294117647, 0.7262117647058823, 0.7330117647058824, 0.7379294117647058, 0.7396, 0.7426823529411765, 0.7408235294117647, 0.7459294117647058, 0.7513411764705883, 0.7552705882352941, 0.754964705882353, 0.7576], "loss": [0.8402120842989753, 0.8154296025893267, 0.8019199825651505, 0.7968953921037562, 0.7785963795444545, 0.7638634895324707, 0.7544965261431301, 0.7443436683374293, 0.7356712134697858, 0.7359737761385301, 0.72431599193864, 0.7115771251958959, 0.70045209162656, 0.7015525897979736, 0.6986306684157427], "val_acc": [0.7237333333333333, 0.6842666666348776, 0.7114666666984558, 0.712, 0.7279999999682109, 0.7264000000317892, 0.7397333333651225, 0.7269333333651224, 0.7257333333651225, 0.7442666666348775, 0.7456, 0.7496000000317892, 0.7365333333333334, 0.7498666666666667, 0.7449333333015442], "val_loss": [0.7925791600227355, 0.9440994903246561, 0.8499467752774557, 0.843112882900238, 0.7979377614021301, 0.7980424626350403, 0.7623427631060282, 0.7846530943075816, 0.8334062761783599, 0.7635036721547445, 0.7336465857585271, 0.7427808349768321, 0.7848607633511225, 0.7402632761716843, 0.7662010688622792]}