{"acc": [0.31934117647058824, 0.4380941176470588, 0.4888705882352941, 0.5252, 0.5409411764705883, 0.5612235294117647, 0.5789647058823529, 0.5867058823529412, 0.598, 0.6095529411764706, 0.6142823529411765, 0.6224941176470589, 0.6298588235294118, 0.6353176470588235, 0.6415294117647059, 0.647364705882353, 0.6528470588235294, 0.6536705882352941, 0.6595764705882353, 0.6640941176470588, 0.6655058823529412, 0.6679058823529411, 0.6717411764705883, 0.6751529411764706, 0.6766588235294118, 0.6804470588235294, 0.6828235294117647, 0.6867294117647059, 0.69, 0.6899764705882353], "loss": [1.821273982777315, 1.529122932209688, 1.413700139875973, 1.3227960633221794, 1.2768326906877405, 1.2262275419347426, 1.1848464004740995, 1.1631069399216596, 1.1364579164112316, 1.106562944128934, 1.0884556274975048, 1.0659764779259178, 1.0494437236954184, 1.0361369706448387, 1.0168697036406573, 1.0035874440922457, 0.9875809284546796, 0.9806591826495002, 0.9648858086193309, 0.9569504673663307, 0.9524358592650469, 0.9461334867982304, 0.933866124495338, 0.9269355525872287, 0.9170664567386403, 0.9120872005238253, 0.9064543852301205, 0.8968562133340274, 0.888296376360164, 0.8844907996233772], "val_acc": [0.4185333333333333, 0.46746666668256126, 0.5185333333174388, 0.5612, 0.5759999999682108, 0.5742666666666667, 0.6071999999682108, 0.603866666650772, 0.6178666666348775, 0.6352, 0.6230666666666667, 0.6213333333015442, 0.637066666650772, 0.6381333333015442, 0.6542666666984558, 0.6635999999682108, 0.6661333333651225, 0.6645333333651224, 0.6625333333015442, 0.6733333333333333, 0.6506666666507721, 0.6709333333651225, 0.6950666666348775, 0.6869333333015442, 0.6853333333651225, 0.6814666666348775, 0.6909333333333333, 0.7082666666348775, 0.6888000000317891, 0.6971999999682108], "val_loss": [1.547646617571513, 1.4479815577189128, 1.3342019999821981, 1.2186301141738891, 1.200626259167989, 1.1848068067550659, 1.1193902402877807, 1.1113762791315716, 1.0895315436681112, 1.030611178334554, 1.0579076393763225, 1.091155050086975, 1.0267729731241861, 1.059272136815389, 0.9716694672266643, 0.9456548477808634, 0.9383897837956746, 0.9399426111857097, 0.9681418355941772, 0.9257491769790649, 0.993923518371582, 0.9475370137532552, 0.8769381311416626, 0.8885165723164876, 0.8942097511291504, 0.9144951364517212, 0.87626231396993, 0.838349096997579, 0.91123876953125, 0.8653111869176229]}