{"acc": [0.6821176470588235, 0.716, 0.723764705882353, 0.7299294117647059, 0.7336705882352941, 0.7332235294117647, 0.7342588235294117, 0.7360705882352941, 0.7396941176470588, 0.7411058823529412, 0.7447529411764706, 0.7407294117647059, 0.7479529411764706, 0.748, 0.7467058823529412, 0.7487529411764706, 0.7534588235294117, 0.7475529411764706, 0.7548470588235294, 0.7543529411764706, 0.7152705882352941, 0.7206117647058824, 0.7295764705882353, 0.7291529411764706, 0.7280941176470588, 0.7284235294117647, 0.727764705882353, 0.7241882352941177, 0.7272705882352941, 0.7303529411764705, 0.7319058823529412, 0.7307529411764706, 0.7307529411764706, 0.7328470588235294, 0.731764705882353, 0.7385176470588235, 0.7366117647058823, 0.7351294117647059, 0.7353411764705883, 0.7371529411764706, 0.7636941176470589, 0.7687529411764706, 0.7675058823529411, 0.769035294117647, 0.7659764705882353, 0.7667058823529411, 0.7657882352941177, 0.7700941176470588, 0.7727764705882353, 0.7699294117647059], "loss": [0.9225391069973217, 0.8267759572421803, 0.8065036075592041, 0.7930879781246185, 0.7788717743032119, 0.7761755571253159, 0.771231914621241, 0.7677472290600047, 0.7610101091048297, 0.7547567438013414, 0.7403901407045477, 0.7498188699161306, 0.7285428348372964, 0.729197705245018, 0.7340535754259895, 0.7296747195636525, 0.714227811908722, 0.7246492881326114, 0.7107882861530079, 0.7123531241248636, 0.8451126771141501, 0.8184488625863019, 0.800326433968544, 0.7997110680355746, 0.7957880118650549, 0.8001371344257804, 0.8049201410591602, 0.8092456234651453, 0.8034202458157259, 0.792548869492026, 0.7946537054903366, 0.795492960654988, 0.7993367787697736, 0.7957901131910436, 0.7908997565423741, 0.7793636645092684, 0.7820074648183934, 0.7929315528196447, 0.7817750085522147, 0.7821692485136145, 0.695861057954676, 0.6821936045085683, 0.6883114767761791, 0.6862456673930672, 0.6804316021975348, 0.68632692283988, 0.6862945624500513, 0.680819505296034, 0.6708051905632019, 0.6784575647241929], "val_acc": [0.6650666666666667, 0.6624, 0.6710666666666667, 0.6721333333651225, 0.6579999999682109, 0.6741333333015442, 0.6541333333651225, 0.6490666666984558, 0.672, 0.6753333333015442, 0.6657333333015442, 0.6583999999682109, 0.6790666666984558, 0.676, 0.6551999999841054, 0.6659999999682109, 0.6717333333651225, 0.6733333333651225, 0.6637333333333333, 0.6666666666348775, 0.6474666666984558, 0.6682666666348775, 0.6596000000317891, 0.6500000000317891, 0.6726666666348775, 0.6766666666348775, 0.6625333333333333, 0.6628, 0.6674666666507721, 0.6541333333015442, 0.6629333333492279, 0.6639999999682109, 0.6657333333333333, 0.6626666666666666, 0.6653333333015442, 0.6671999999682109, 0.6601333333174387, 0.6618666666348775, 0.6635999999682108, 0.6622666666348775, 0.6732, 0.6642666666666667, 0.6667999999841054, 0.6810666666984558, 0.6739999999841054, 0.6579999999682109, 0.6714666666348775, 0.6766666666984558, 0.6743999999682109, 0.6637333333333333], "val_loss": [0.9984415415445963, 1.0434652704238891, 1.0163496755599977, 0.9816018670399984, 1.0660464273134866, 0.9619216466585795, 1.0498995661099753, 1.0728145362854005, 0.994428156820933, 1.014059252134959, 1.0223449935913087, 1.0401801726023356, 0.9722787866274516, 0.9898132794698079, 1.0551024891853333, 1.0370937952359518, 1.004903729248047, 0.9855038174947103, 1.0393807187398274, 1.056176239267985, 1.1032502882639568, 1.0407155346870423, 1.0559232838312784, 1.1135884046872457, 1.0076179176648459, 1.0029423036893208, 1.0344906140645345, 1.0305601578712464, 1.01798053633372, 1.0529315197944642, 1.0555100219726563, 1.0546131338119507, 1.0622890602111816, 1.064317047437032, 1.0644754944165549, 1.0155625935236614, 1.0626684452692667, 1.0068936517397562, 1.0246004297892253, 1.0530220106760662, 1.0298272338867187, 1.0272757907231649, 1.015266047223409, 0.9846466954549153, 1.0193885329564412, 1.1037348954200745, 1.0365722562154134, 1.026831078974406, 1.024388446267446, 1.0472462351163228]}