{"acc": [0.5097647058823529, 0.6087058823529412, 0.6272705882352941, 0.645364705882353, 0.6556, 0.6647058823529411, 0.6750117647058823, 0.6809411764705883, 0.6892705882352941, 0.6946117647058824, 0.6970588235294117, 0.7010823529411765, 0.7087294117647058, 0.7137882352941176, 0.7153647058823529, 0.7180941176470588, 0.7210117647058824, 0.7273882352941177, 0.7294117647058823, 0.7332941176470589, 0.735035294117647, 0.7396235294117647, 0.7397176470588235, 0.7480705882352942, 0.7500470588235294, 0.7498823529411764, 0.7533882352941177, 0.7607294117647059, 0.7576235294117647, 0.7587294117647059, 0.764, 0.7661411764705882, 0.7676470588235295, 0.7705411764705883, 0.7720941176470588, 0.7759764705882353, 0.7781176470588236, 0.779364705882353, 0.7826823529411765, 0.784164705882353, 0.7832, 0.7900470588235294, 0.7899764705882353, 0.7910352941176471, 0.7936470588235294, 0.7986588235294118, 0.7990588235294117, 0.7984470588235294, 0.8023058823529412, 0.8036705882352941, 0.8064941176470588, 0.8076, 0.8130588235294117, 0.8099058823529411, 0.8146588235294118, 0.8139529411764705, 0.8176941176470588, 0.8171764705882353, 0.8216, 0.8225176470588236, 0.823764705882353, 0.8250588235294117, 0.8271294117647059, 0.828, 0.8335058823529412, 0.8312235294117647, 0.8308235294117647, 0.8349882352941177, 0.8344, 0.8361882352941177, 0.8350352941176471, 0.8337882352941176, 0.8390352941176471, 0.8409176470588235, 0.8430352941176471, 0.8415529411764706, 0.8443764705882353, 0.8439764705882353, 0.8472, 0.850964705882353, 0.8500941176470588, 0.849764705882353, 0.8514588235294117, 0.8552235294117647, 0.8553411764705883], "loss": [1.4002110599742217, 1.1503804252512315, 1.0941842299180873, 1.0380342935449938, 1.01008933318643, 0.9852146321521086, 0.9530836735949797, 0.9325829917234533, 0.9073749846626731, 0.8955212581746719, 0.8857982147777782, 0.8694839069198159, 0.8475021769586731, 0.8430229785470401, 0.8317452840805054, 0.8218844552334618, 0.8057761245783638, 0.7937354327818926, 0.7813968329541824, 0.7747544621579787, 0.770492469142465, 0.7617186639393078, 0.7554256658610176, 0.7348122538454392, 0.7290274332158706, 0.7238593994926004, 0.7142456150559818, 0.701321092414856, 0.6971017843162313, 0.6931001362912795, 0.6826067215246313, 0.6786794404085945, 0.672833863586538, 0.6664298004262588, 0.6528088893105002, 0.6512037746205049, 0.6426630808185129, 0.6403504065513611, 0.629773274009368, 0.6286648523779477, 0.6263749801116831, 0.6113172376913183, 0.610565345290128, 0.6104579556240755, 0.6053631367627312, 0.5890220859976376, 0.5858516933777753, 0.5864373343891958, 0.5819437028211706, 0.5721898317898021, 0.5645022030227325, 0.5659056847965016, 0.5569379622715361, 0.5519535021024592, 0.5455018698762445, 0.5477084783603163, 0.5367366071588853, 0.5349640995207955, 0.5278022763574824, 0.5267201247720157, 0.525526679650475, 0.5168808170318604, 0.5175263587615069, 0.5072667195264031, 0.4914585767451455, 0.5014427055979477, 0.5051236710779807, 0.49137936720567593, 0.4894338402523714, 0.48460358597250547, 0.4799004784363158, 0.49081063230177935, 0.4814903570652008, 0.47616607800091015, 0.4661752746462822, 0.4719673313365263, 0.4630970241799074, 0.4657627884625512, 0.4525021537696614, 0.4465197818764869, 0.4479274057107813, 0.44998951628883094, 0.44905843648069044, 0.4292735203462488, 0.4355676567694501], "val_acc": [0.5939999999682108, 0.6427999999841054, 0.6501333333015442, 0.6802666666666667, 0.6850666666348775, 0.6938666666984558, 0.6862666666348776, 0.7102666666348775, 0.6953333333651225, 0.7057333333651225, 0.6991999999682108, 0.6969333333015442, 0.7077333333015442, 0.7173333333651225, 0.7145333333015442, 0.7146666666984558, 0.7169333333015442, 0.7083999999682109, 0.7144000000317892, 0.7193333333015441, 0.7196000000317891, 0.7145333333333334, 0.7186666666348775, 0.7177333333651225, 0.7105333333651225, 0.7174666666348776, 0.7246666666666667, 0.7183999999682108, 0.7208, 0.7083999999682109, 0.7115999999841054, 0.7111999999682108, 0.7159999999682108, 0.7243999999841054, 0.7138666666348775, 0.7258666666984558, 0.7151999999682108, 0.7157333333333333, 0.7189333333333333, 0.7201333333333333, 0.7221333333015442, 0.7193333333015441, 0.7127999999682109, 0.7141333333333333, 0.7221333333015442, 0.7142666666348775, 0.7039999999682108, 0.7217333333015442, 0.7096, 0.7206666666984558, 0.7173333333651225, 0.7156, 0.7039999999682108, 0.7185333333333334, 0.7157333333333333, 0.7099999999682108, 0.7159999999682108, 0.7201333333333333, 0.7095999999841054, 0.7086666666666667, 0.7188, 0.7123999999682109, 0.7130666666348775, 0.7150666666825612, 0.7159999999682108, 0.7146666666348775, 0.7206666666348776, 0.7156000000317891, 0.7171999999682108, 0.7141333333015442, 0.7243999999682108, 0.7171999999682108, 0.7198666666984558, 0.7207999999682109, 0.7224, 0.7168, 0.7144000000317892, 0.7153333333174388, 0.7165333333333334, 0.7174666666348776, 0.7106666666984558, 0.7142666666348775, 0.72, 0.7207999999682109, 0.7142666666348775], "val_loss": [1.2092277523676553, 1.0492525531133017, 1.0084287315368652, 0.9363809443155925, 0.9148803523381551, 0.8958361400922139, 0.8831840545972188, 0.8573950572649638, 0.8883816530545553, 0.8674660088539123, 0.8627109325091044, 0.8881206279754639, 0.8729362406412761, 0.8551944676717123, 0.8569043490409851, 0.8641832765897115, 0.8622373987197876, 0.8752487799962362, 0.8482793726285298, 0.8687718896865845, 0.8240036254882812, 0.8516391675631205, 0.8401570391019185, 0.8556830108960469, 0.8934947355906169, 0.8301526329040527, 0.846316923713684, 0.8684232085863749, 0.8633799466133117, 0.8908845288276672, 0.9293633466084799, 0.8801113922754924, 0.8563157707214355, 0.8732450777053833, 0.8762178745905558, 0.8460141931533813, 0.8810542406082154, 0.8886626836458842, 0.909474496714274, 0.9074947250366211, 0.9109416428883871, 0.8887694961547852, 0.9449047547022502, 0.9271671312332154, 0.9103238878885905, 0.9048213947931926, 0.9853032450993856, 0.9289401346206665, 0.9399796418825785, 0.9085906375249226, 0.9489545937220255, 0.9343952987670898, 0.9869450300216674, 0.9327068237304688, 0.9339350926717123, 0.9585593371391297, 0.9399786012649536, 0.9474671628316244, 0.9916876566569011, 0.9674765096028646, 0.9529490705808004, 1.0394731921513876, 0.9597118514378865, 0.9794550611495971, 1.007252003701528, 0.9976635183016459, 0.9699888143539429, 0.9816248151143392, 0.9988288091659546, 1.0115772946039836, 0.9357359187444051, 1.0354794788996378, 1.029599377377828, 0.9567658650080363, 0.9890428333918253, 1.0704922240575154, 1.035214067586263, 0.9887517485618591, 1.051793316523234, 1.0284807411511738, 1.0685374612490337, 1.0288336225509644, 1.0457618241945903, 1.0429966148376464, 1.0493934936523437]}