{"acc": [0.5343058823529412, 0.5927529411764706, 0.6089176470588236, 0.620964705882353, 0.6356, 0.6418588235294118, 0.6497176470588235, 0.6484705882352941, 0.6592941176470588, 0.6627294117647059, 0.6663764705882353, 0.670564705882353, 0.6743058823529412, 0.6784, 0.6800235294117647, 0.6824470588235294, 0.6856470588235294, 0.6916, 0.6965882352941176, 0.6953176470588235, 0.7018823529411765, 0.7048235294117647, 0.7025176470588236, 0.7024941176470588, 0.709435294117647, 0.7052705882352941, 0.708, 0.7144470588235294, 0.7160705882352941, 0.717835294117647, 0.7195294117647059, 0.7242823529411765, 0.7236941176470588, 0.7234588235294117, 0.723764705882353, 0.7267058823529412, 0.7287294117647058, 0.7282352941176471, 0.7308470588235294, 0.733764705882353, 0.7341647058823529, 0.7352705882352941, 0.7368705882352942, 0.7394588235294117, 0.7377882352941176, 0.7412235294117647, 0.7414823529411765, 0.7432235294117647, 0.7414352941176471, 0.743835294117647], "loss": [1.337074117413689, 1.1619255644517785, 1.1110362627814798, 1.0702794744183035, 1.0360071476796093, 1.0122498523824355, 1.00050869586047, 0.9884903089859907, 0.9648989217982573, 0.9539557686300839, 0.9406025981454288, 0.9330892604379093, 0.9178063094559837, 0.9027724795285393, 0.8997500804003548, 0.8932229562086218, 0.8766696775772992, 0.8702727631064022, 0.8611632285959581, 0.8605439853668213, 0.8450015515888438, 0.8367022552455173, 0.8359660203456879, 0.8339272885827457, 0.8202489975760965, 0.8221275788026697, 0.819333824595283, 0.8032720594728694, 0.7952777477600995, 0.7918738034553388, 0.7908584835417131, 0.7775745933308321, 0.7738973321017097, 0.7778192568386302, 0.7731955421896541, 0.7642126173524295, 0.7616603388618021, 0.7583730407041662, 0.7532305086472455, 0.7463770121518304, 0.7401347052139394, 0.7413251834196203, 0.7358123281983768, 0.7305889888426836, 0.7322768337698544, 0.7229749129912433, 0.7207664458106546, 0.7134492544903475, 0.7182308661516975, 0.7127292046827428], "val_acc": [0.5970666666666666, 0.6206666666666667, 0.6239999999682109, 0.6333333333015442, 0.6365333333333333, 0.652, 0.6483999999682108, 0.6571999999682109, 0.6590666666984558, 0.6471999999682109, 0.6395999999841054, 0.6493333333333333, 0.6332, 0.6711999999682109, 0.6446666666348775, 0.6461333333651225, 0.6537333333651225, 0.6642666666984558, 0.6520000000317892, 0.6512, 0.6718666666348775, 0.6742666666666667, 0.6664, 0.6681333333333334, 0.6613333333651225, 0.6511999999682109, 0.6692, 0.6534666666348775, 0.6518666666666667, 0.6670666666348776, 0.6657333333015442, 0.6578666666348775, 0.6770666666984558, 0.6657333333651225, 0.6638666666666667, 0.6713333333015442, 0.6711999999682109, 0.6722666666666667, 0.6774666666348775, 0.6777333333651224, 0.6774666666348775, 0.6565333333015442, 0.6617333333651225, 0.6717333333651225, 0.6651999999682109, 0.6706666666348775, 0.6787999999682108, 0.6745333333333333, 0.6723999999682109, 0.6669333333651225], "val_loss": [1.1445134499231975, 1.0940065406163533, 1.0681161678314208, 1.0341652663548788, 1.0328057649930318, 0.9792991147041321, 0.9793344184875489, 0.973130683962504, 0.9784236868540446, 0.99899496383667, 1.0302768922805785, 0.9965687875747681, 1.041320794169108, 0.9343258224487304, 1.0179135518074036, 1.0027954426765442, 0.9872239570935567, 0.9606387433369954, 0.9896211528778076, 1.0245148851394654, 0.9323178901354472, 0.9402987132807573, 0.9767693102200826, 0.9585317197481791, 0.9710554652531942, 1.0105065572102865, 0.9494372400919596, 1.0230736544926962, 1.025891400718689, 0.9944879512151082, 0.9599070684115092, 1.0037274128595988, 0.9529515670776367, 0.9653596043586731, 1.0163800817489623, 0.948775628598531, 0.9777721665064494, 0.9618783772786458, 0.9606836958567302, 0.9584011807441711, 0.9627874336242676, 1.0299986738840738, 1.0019120601654052, 1.004371730073293, 0.9808508233706157, 0.9864347717920939, 0.9615182792345682, 0.9940353397687276, 1.007853471024831, 1.0236642044703166]}